peptide,kd,EC50,Px40,activation_threshold
9V,4.93,0.004224799508718139,0.004223064428803465,0.0016
6V,22.8,0.0068342907467690535,0.0062050663449939696,0.008
3Y,47.3,0.044425136507607446,0.03924953095684803,0.04
4D,140.0,2.3416093214470255,,25.0
6T,162.0,0.06444078796408662,0.1105263157894737,0.04
4A,299.0,2.3416093214470255,,25.0
5Y,433.0,1.9721009255576007,,25.0
5F,1309.0,173.2868790053737,,25.0
9V,4.93,0.001475928750663633,0.0012263473053892218,0.00032
6V,22.8,0.002867655188837273,0.009913402061855675,0.0016
3Y,47.3,0.006161762927376675,0.00455,0.0016
4D,140.0,0.01955191071773614,0.030207156308851225,0.008
6T,162.0,0.004909937334607842,0.0055486753909990425,0.0016
4A,299.0,0.6215147858323308,75.2982107355865,1.0
5Y,433.0,0.28512003021886967,11.470588235294128,0.2
5F,1309.0,1.8222209321074205,,5.0
9V,4.93,0.007166087701897957,0.007641205325858446,0.0016
6V,22.8,0.005928530405268458,0.007735693215339233,0.0016
3Y,47.3,0.05793863891221359,0.059784946236559125,0.04
4D,140.0,0.07597134624909771,5.8695652173913,0.04
6T,162.0,0.0525594919032583,0.25714285714285706,0.04
4A,299.0,27.86974836595004,,
5Y,433.0,0.3832935899434571,,
5F,1309.0,50.46753872338533,,
9V,4.93,0.004391259328520362,0.004883116883116883,0.0016
6V,22.8,0.007332986998926932,0.006464000000000001,0.0016
3Y,47.3,0.07756905693011786,0.03337051792828685,0.008
4D,140.0,0.044273821018156065,0.16764705882352943,0.04
6T,162.0,0.026329546624644998,0.04651162790697677,0.008
4A,299.0,0.6700819330656304,,
5Y,433.0,0.19515958074797787,13.209606986899562,1.0
5F,1309.0,5602926070032190.0,,125.0
9V,4.93,0.002822823427244926,0.0015759036144578314,0.0016
6V,22.8,0.005881358207457629,0.006107042253521128,0.0016
3Y,47.3,0.029231560571013566,0.031794871794871796,0.04
4D,140.0,0.05035976340075713,0.08363636363636362,0.04
6T,162.0,0.04899913799913918,0.06511627906976747,0.04
4A,299.0,1.05549148588592,,5.0
5Y,433.0,0.5759992244354365,,5.0
5F,1309.0,19.597985691678588,,25.0
9V,4.93,0.00015650056150689665,1.4077097505668927e-05,1.28e-05
6V,22.8,0.00043815991566038414,6.612448132780085e-05,1.28e-05
3Y,47.3,0.003901628107101086,4.849498910675382e-05,1.28e-05
4D,140.0,0.007642409431378593,0.001029748502994011,1.28e-05
6T,162.0,0.0028218727457056682,0.00027876510067114123,1.28e-05
4A,299.0,0.8363134556839507,0.16298932384341644,1.28e-05
5Y,433.0,0.09077986356297522,0.009330196078431377,1.28e-05
5F,1309.0,2.9852449624873807,0.08337066666666672,1.28e-05
