peptide,kd,memory_auc_mean,naive_auc_mean,memory_n,naive_n,fold_change,t_pval,u_pval
9V,4.93,-503.6830273995676,-423.8315291542137,6,6,1.188403865103437,0.06639320244002515,0.06493506493506493
6V,22.8,-458.99671007235867,-400.1783842074827,6,6,1.1469802672659604,0.15419919322388956,0.06493506493506493
3Y,47.3,-364.565280011559,-341.8953528709274,6,6,1.0663066255515616,0.6209370074319307,0.17965367965367965
4D,140.0,-270.5794433285235,-237.01781609532588,6,6,1.141599596967426,0.599612604930994,0.30952380952380953
6T,162.0,-301.9043665478457,-304.1026272114825,6,6,0.9927713197225749,0.9669405667018567,0.30952380952380953
4A,299.0,-144.92094584900846,-102.96585381374253,6,6,1.4074660723074228,0.3424077953187292,0.09307359307359307
5Y,433.0,-198.23022312970934,-135.91005754310993,6,6,1.4585397630843604,0.2928638906518146,0.06493506493506493
5F,1309.0,-187.76955453981728,-113.4271048786383,6,6,1.655420498836869,0.22025935926736817,0.06493506493506493
