condition,experiment,file,n_peptides,alpha,alpha_se,C,log_C,r_squared
memory,190812,190812d4 memory CD69 Pos.csv,6,1.8596285158435473,0.4873614480749032,1.0657076866488645e-07,-6.972361901767593,0.7844783514343733
memory,191022,191022d1 memory CD69 Pos.csv,7,1.7843959990094904,0.4919042533177378,3.065559974926876e-07,-6.513490182872254,0.724653727012495
memory,191027,191027d1 memory CD69 Pos.csv,7,0.8041569823392434,0.29374822181809696,1.0829441222365902e-05,-4.965393951528303,0.5998175766162707
naive,190708,190708d3 naive CD69 Pos.csv,8,2.00214732271614,0.4037118404272651,7.754461352777572e-06,-5.110448364148375,0.8038903466153662
naive,190715,190715d1 naive CD69 Pos.csv,8,1.599538089990745,0.37528762053342607,1.729482893653759e-06,-5.762083729242866,0.7517178825907771
naive,190715,190715d2 naive CD69 Pos.csv,7,2.351650887519246,0.5467598633255093,1.421142722467841e-06,-5.847362304572403,0.7872266041975211
naive,190715,190715d4 naive CD69 Pos.csv,8,2.188260265830802,0.6605968100661945,1.1309563919069774e-06,-5.9465541405381055,0.6464971841802618
naive,190807,190807d2 naive CD69 Pos.csv,8,1.8738281411519264,0.40080977855629796,3.904009374105473e-06,-5.408489148198637,0.7846113009163623
