condition,experiment,file,n_peptides,alpha,alpha_se,C,log_C,r_squared
memory,190812,190812d4 memory CD69 Pos.csv,6,1.859628515843549,0.487361448074904,1.065707686648858e-07,-6.972361901767596,0.7844783514343732
memory,191022,191022d1 memory CD69 Pos.csv,7,1.7843959749105396,0.49190424072895134,3.065560354449964e-07,-6.513490129105643,0.7246537270124951
memory,191027,191027d1 memory CD69 Pos.csv,7,0.8041569885742093,0.2937482239314519,1.0829440893938574e-05,-4.965393964699267,0.5998175766162703
naive,190708,190708d3 naive CD69 Pos.csv,8,2.00214732271614,0.4037118404272651,7.754461352777572e-06,-5.110448364148375,0.8038903466153662
naive,190715,190715d1 naive CD69 Pos.csv,8,1.5995380899907452,0.3752876205788199,1.729482893653759e-06,-5.762083729242866,0.7517178825907772
naive,190715,190715d2 naive CD69 Pos.csv,7,2.351650887519246,0.5467598633255092,1.421142722467841e-06,-5.847362304572403,0.7872266041975211
naive,190715,190715d4 naive CD69 Pos.csv,8,2.188260265830802,0.6605968100661946,1.1309563919069774e-06,-5.9465541405381055,0.6464971841802618
naive,190807,190807d2 naive CD69 Pos.csv,8,1.8738281411519264,0.400809778556298,3.904009374105473e-06,-5.408489148198637,0.7846113009163623
