peptide,Kd,Px,logKd,logPx,condition
9V,4.93,0.001115544431438473,0.69284691927723,-2.952513127357493,memory
6V,22.8,0.0018777501053673276,1.3579348470004537,-2.726362204977925,memory
3Y,47.3,0.024235402661922756,1.6748611407378116,-1.6155497602449815,memory
6T,162.0,3.397374583213914,2.2095150145426308,0.531143433374073,memory
4D,140.0,3.8236224566586503,2.146128035678238,0.582475003613349,memory
4A,299.0,,2.4756711883244296,,memory
5Y,433.0,,2.6364878963533656,,memory
5F,1309.0,67.75873243357606,3.116939646550756,1.8309652730273078,memory
9V,4.93,0.0011954709448942212,0.69284691927723,-2.9224609746510515,memory
6V,22.8,0.005028720987787419,1.3579348470004537,-2.298542459989696,memory
3Y,47.3,0.018153890134174556,1.6748611407378116,-1.741030297196559,memory
6T,162.0,0.4604123726107781,2.2095150145426308,-0.33685301413784047,memory
4D,140.0,0.6487161831605749,2.146128035678238,-0.18794526783257323,memory
4A,299.0,,2.4756711883244296,,memory
5Y,433.0,,2.6364878963533656,,memory
5F,1309.0,,3.116939646550756,,memory
9V,4.93,0.003420704561131885,0.69284691927723,-2.4658844332720617,naive
6V,22.8,0.005773525119626556,1.3579348470004537,-2.238558940304137,naive
3Y,47.3,0.04564479268364635,1.6748611407378116,-1.3406087611253754,naive
6T,162.0,0.0974065945034862,2.2095150145426308,-1.0114116400461617,naive
4D,140.0,,2.146128035678238,,naive
4A,299.0,,2.4756711883244296,,naive
5Y,433.0,,2.6364878963533656,,naive
5F,1309.0,,3.116939646550756,,naive
9V,4.93,0.0013306788925637907,0.69284691927723,-2.875926731912496,naive
6V,22.8,0.005119787239942928,1.3579348470004537,-2.2907480863754675,naive
3Y,47.3,0.004711881763003701,1.6748611407378116,-2.3268056159967,naive
6T,162.0,0.005263372222814141,2.2095150145426308,-2.2787359158276717,naive
4D,140.0,0.03031209877980054,2.146128035678238,-1.518383992470052,naive
4A,299.0,123.01611321134696,2.4756711883244296,2.0899620010365254,naive
5Y,433.0,30.61907553562676,2.6364878963533656,1.4859920741533288,naive
5F,1309.0,,3.116939646550756,,naive
